date,time,stock_symbol,stock_exchange,sector,headline_id,category,source,sentiment,impact_score,confidence_score,affected_symbols
2025-07-07,14:20:51,TECK,NYSE MKT,Consumer Discretionary,H0441,Macroeconomic,CNBC,Neutral,0.93,0.91,SPYU;GOVT;PAGS
2025-07-07,10:48:11,ARR,BATS,Industrial,H0442,Macroeconomic,Reuters,Positive,0.389,0.78,BN
2025-07-07,10:19:54,ASO,NYSE MKT,Telecom,H0443,Leadership Change,Social Media,Negative,0.153,0.97,BV;AUTL
2025-07-07,12:55:24,EQH,NYSE ARCA,Energy,H0444,Rumor,Reuters,Neutral,0.55,0.8,TBLA
2025-07-07,09:00:27,VMEO,LSE,Industrial,H0445,Rumor,CNBC,Positive,0.91,0.98,VOO;CAL
2025-07-07,10:14:34,SLV,LSE,Real Estate,H0446,M&A,Benzinga,Neutral,0.719,0.58,TRV;FTRE;WCC;OR
2025-07-07,11:49:32,MPC,LSE,Technology,H0447,Rumor,Benzinga,Positive,0.363,0.92,XPEV;BANC;SIRI
2025-07-07,13:45:23,ARRY,BATS,Healthcare,H0448,Rumor,WSJ,Positive,0.422,0.71,RIG;TLS;COLM
2025-07-07,11:23:31,EPRT,NYSE MKT,Real Estate,H0449,Rumor,WSJ,Positive,0.277,0.59,FHN;FLR
2025-07-07,09:34:50,RL,NYSE,Industrial,H0450,Earnings,Reuters,Neutral,0.737,0.74,GIS;PVH;KVUE
2025-07-07,12:02:19,SPRY,NASDAQ,Telecom,H0451,M&A,Social Media,Positive,0.715,0.82,PPC
2025-07-07,14:44:36,AXTA,LSE,Healthcare,H0452,Earnings,Bloomberg,Positive,0.669,0.62,RYN;HPP;FAS
2025-07-07,13:57:13,CGON,NASDAQ,Telecom,H0453,Rumor,Benzinga,Negative,0.614,0.59,UAL;GCI
2025-07-07,09:09:59,LYRA,LSE,Consumer Discretionary,H0454,M&A,Benzinga,Negative,0.641,0.95,BGC
2025-07-07,09:52:28,ETHU,NYSE ARCA,Real Estate,H0455,Macroeconomic,Social Media,Neutral,0.148,0.8,HTGC;LYFT
2025-07-07,10:57:01,GLDM,NYSE,Finance,H0456,Regulation,WSJ,Positive,0.495,0.84,ERJ;QURE
2025-07-07,10:10:48,EWU,NYSE,Consumer Discretionary,H0457,Macroeconomic,CNBC,Negative,0.43,0.79,CXM
2025-07-07,16:02:32,JHX,LSE,Finance,H0458,Macroeconomic,CNBC,Negative,0.524,0.77,DENN;LXP;XLK;VFLO
2025-07-07,16:44:49,SIL,BATS,Utilities,H0459,Macroeconomic,Reuters,Negative,0.321,0.69,FANG;LNG;SCHA;DVN
2025-07-07,11:47:16,JAMF,NYSE MKT,Finance,H0460,Product Launch,Benzinga,Positive,0.596,0.54,PBR;SCHW;BSY
2025-07-07,10:13:20,SMG,NYSE MKT,Telecom,H0461,M&A,Reuters,Negative,0.191,0.99,
2025-07-07,09:46:59,RDDT,LSE,Energy,H0462,Rumor,CNBC,Positive,0.891,0.52,PSN;TTMI;SID
2025-07-07,16:46:50,BWIN,NYSE,Healthcare,H0463,Product Launch,Bloomberg,Negative,0.629,0.89,ICHR;SNY
2025-07-07,13:14:16,VIAV,NYSE MKT,Telecom,H0464,M&A,Bloomberg,Negative,0.425,0.61,CLVT;DINO;INTU;SCI;WLK
2025-07-07,11:40:16,RRX,NYSE MKT,Real Estate,H0465,Rumor,Benzinga,Negative,0.919,0.63,
2025-07-07,10:00:46,LHX,NASDAQ,Industrial,H0466,Product Launch,Social Media,Positive,0.119,0.98,JNPR;ARKG;FITB;POST;NOTE
2025-07-07,11:28:31,BSX,NYSE MKT,Healthcare,H0467,Earnings,Benzinga,Positive,0.641,0.91,ETH;KSS;DVAX;BINC
2025-07-07,14:08:12,ARHS,NYSE,Healthcare,H0468,Leadership Change,Benzinga,Positive,0.197,0.88,VDC
2025-07-07,14:24:04,DB,NASDAQ,Technology,H0469,M&A,Benzinga,Negative,0.117,0.74,HIMX
2025-07-07,14:24:04,JPST,NASDAQ,Technology,H0469,M&A,Benzinga,Negative,0.117,0.74,AXL;CART;OMEX
2025-07-07,13:58:12,PWR,NYSE ARCA,Technology,H0470,Earnings,Reuters,Negative,0.794,0.52,
2025-07-07,15:40:11,BP,NYSE ARCA,Technology,H0471,M&A,Social Media,Positive,0.967,0.88,INZY;ESPR;OCGN;HI;ISRG
2025-07-07,10:03:56,OTEX,NYSE MKT,Real Estate,H0472,M&A,Reuters,Negative,0.587,0.86,EXEL;ARE
2025-07-07,12:50:55,NITO,LSE,Industrial,H0473,Macroeconomic,Reuters,Negative,0.43,0.77,MDT;CRH
2025-07-07,15:01:09,DNLI,NYSE,Technology,H0474,Rumor,Benzinga,Negative,0.251,1.0,SMTC;ZBH
2025-07-07,09:17:41,CURI,BATS,Healthcare,H0475,M&A,Bloomberg,Positive,0.416,0.56,PMT;PTPI;XLI;COMM
2025-07-07,13:52:44,MMC,NYSE MKT,Utilities,H0476,Macroeconomic,Bloomberg,Negative,0.586,0.67,SARO;LYRA;HSAI
2025-07-07,09:47:10,GOVT,NYSE,Real Estate,H0477,M&A,Social Media,Positive,0.266,0.84,KD;GRPN;VSCO
2025-07-07,15:26:25,CIEN,BATS,Industrial,H0478,Regulation,CNBC,Positive,0.519,0.66,
2025-07-07,12:30:20,GIS,NYSE MKT,Real Estate,H0479,Earnings,Bloomberg,Negative,0.561,0.63,
2025-07-07,10:13:32,HCA,NYSE,Consumer Discretionary,H0480,Macroeconomic,CNBC,Positive,0.476,0.51,LYFT
2025-07-07,09:56:34,MASI,NYSE ARCA,Healthcare,H0481,Regulation,Benzinga,Neutral,0.986,0.95,PATH;CPRX;OLO;FTI;ZTO
2025-07-07,12:50:09,PINS,NYSE ARCA,Consumer Discretionary,H0482,Rumor,WSJ,Negative,0.701,0.51,PPC;CAG
2025-07-07,12:14:55,SATS,BATS,Finance,H0483,M&A,Reuters,Negative,0.381,0.69,PSQ;EMXC;COGT
2025-07-07,16:19:02,FANG,NYSE MKT,Real Estate,H0484,Regulation,WSJ,Negative,0.217,0.81,FNDX;EVLV
2025-07-07,13:16:43,DIA,NYSE MKT,Healthcare,H0485,Macroeconomic,CNBC,Negative,0.658,0.74,ZBH
2025-07-07,10:11:34,LAMR,NYSE ARCA,Technology,H0486,Rumor,Bloomberg,Positive,0.743,0.93,MTG;GRAL;FOXO;DVYE;PM
2025-07-07,14:59:20,SPRY,NYSE,Real Estate,H0487,Rumor,CNBC,Negative,0.542,0.62,
2025-07-07,09:32:51,ORN,LSE,Finance,H0488,Rumor,Reuters,Positive,0.598,0.53,MO
2025-07-07,10:14:31,ZI,NYSE,Utilities,H0489,Leadership Change,Social Media,Positive,0.621,0.67,HPQ;TVTX;FMC;HPP
2025-07-07,13:31:27,DENN,BATS,Healthcare,H0490,Rumor,WSJ,Positive,0.728,0.92,AVEM;HLIO;CRC;WOOF;SONY
2025-07-07,12:00:55,OLO,LSE,Energy,H0491,Leadership Change,CNBC,Negative,0.303,0.58,INN;DYNF;MBC
2025-07-07,10:05:31,COTY,LSE,Energy,H0492,Leadership Change,WSJ,Positive,0.453,0.51,ETNB;EQNR;TIGR
2025-07-07,13:56:16,KWEB,LSE,Technology,H0493,Macroeconomic,CNBC,Negative,0.234,0.55,GOTU;SCHM
2025-07-07,14:12:13,EWQ,LSE,Consumer Discretionary,H0494,Rumor,WSJ,Positive,0.499,0.75,EOG;BG
2025-07-07,10:08:19,OUNZ,BATS,Utilities,H0495,Macroeconomic,Reuters,Negative,0.745,0.92,TFLO;PAGS;AXL;BITU
2025-07-07,09:15:22,REM,NYSE,Industrial,H0496,Macroeconomic,Social Media,Negative,0.707,0.68,SMST;SLDB;RARE;SOXL;PULS
2025-07-07,10:18:35,SLV,NYSE,Industrial,H0497,Regulation,CNBC,Negative,0.341,0.56,SIBN;PYLD;PONY;MASI
2025-07-07,11:14:23,BRBR,NYSE,Energy,H0498,Leadership Change,WSJ,Positive,0.44,0.58,META
2025-07-07,11:14:23,GTN,NYSE,Energy,H0498,Leadership Change,WSJ,Positive,0.44,0.58,MLCO;PBF;PSX
2025-07-07,11:14:23,DFS,NYSE,Energy,H0498,Leadership Change,WSJ,Positive,0.44,0.58,HPP;BIPC;TECL;MO;BITO
2025-07-07,09:04:31,IRBT,NYSE MKT,Telecom,H0499,Rumor,CNBC,Positive,0.678,0.7,SHYG;KGC;CE
2025-07-07,14:50:26,GILD,NYSE MKT,Finance,H0500,M&A,Bloomberg,Negative,0.392,0.86,PSTG
2025-07-07,14:06:37,NBIS,NYSE,Industrial,H0501,Earnings,Bloomberg,Neutral,0.399,0.78,EWJ;SPTL;JELD;FAS;NGD
2025-07-07,16:28:41,SVXY,BATS,Finance,H0502,Leadership Change,WSJ,Positive,0.703,0.55,KURA;PRTA
2025-07-07,13:21:00,RCAT,BATS,Finance,H0503,M&A,Reuters,Negative,0.396,0.66,BOIL;FLOT
2025-07-07,09:33:35,SVIX,NYSE MKT,Industrial,H0504,Macroeconomic,Benzinga,Negative,0.373,0.57,OGN
2025-07-07,12:28:17,VTLE,NYSE MKT,Telecom,H0505,Leadership Change,WSJ,Negative,0.619,0.61,VNO
2025-07-07,16:18:35,EQH,BATS,Utilities,H0506,Leadership Change,WSJ,Positive,0.123,0.57,BL;ENR
2025-07-07,16:45:02,CGNX,BATS,Real Estate,H0507,Macroeconomic,CNBC,Positive,0.23,0.88,KOPN;ZTO;MGM;TZA;BBD
2025-07-07,09:01:05,BITU,NYSE ARCA,Telecom,H0508,Regulation,CNBC,Neutral,0.503,0.69,NYT;CYTK;VET;NTRS;JHG
2025-07-07,09:48:14,BITU,NYSE MKT,Healthcare,H0509,Earnings,CNBC,Negative,0.484,0.86,
2025-07-07,15:20:31,ING,NYSE,Consumer Discretionary,H0510,Rumor,Benzinga,Positive,0.635,0.68,GS;KD;MRP;SNY
2025-07-07,14:41:52,NKE,LSE,Utilities,H0511,M&A,Bloomberg,Positive,0.613,0.73,
2025-07-07,11:05:07,PAYO,BATS,Industrial,H0512,Leadership Change,Bloomberg,Neutral,0.702,0.76,KGC;MMM;SYY
2025-07-07,16:25:54,MNSO,NASDAQ,Energy,H0513,M&A,CNBC,Positive,0.467,0.9,USB
2025-07-07,14:08:44,BITO,BATS,Consumer Discretionary,H0514,Leadership Change,Reuters,Neutral,0.226,0.74,UPRO
2025-07-07,16:58:41,FMC,NASDAQ,Consumer Discretionary,H0515,Regulation,CNBC,Negative,0.511,0.63,PYPL;AVA
2025-07-07,10:03:11,DUK,BATS,Real Estate,H0516,Regulation,Benzinga,Positive,0.797,0.96,WERN;SPY;COTY;PYPL
2025-07-07,15:00:38,AVY,BATS,Utilities,H0517,Rumor,Reuters,Neutral,0.16,0.66,VTEX;SNY
2025-07-07,15:34:50,GLDD,NYSE MKT,Healthcare,H0518,M&A,Bloomberg,Neutral,0.239,0.58,DRS;PRMB
2025-07-07,10:15:47,SEZL,NYSE ARCA,Energy,H0519,Rumor,CNBC,Positive,0.842,0.59,PAYO
2025-07-07,16:50:46,APLS,NYSE MKT,Consumer Discretionary,H0520,Leadership Change,Bloomberg,Negative,0.386,0.8,PPL;DOCS;JELD;OPEN
2025-07-07,13:29:10,FDX,NYSE ARCA,Healthcare,H0521,Leadership Change,Social Media,Negative,0.168,0.59,UBS;CEP
2025-07-07,16:46:44,ELS,NYSE ARCA,Technology,H0522,Macroeconomic,Benzinga,Positive,0.669,0.94,
2025-07-07,10:23:10,EXEL,BATS,Industrial,H0523,Product Launch,WSJ,Negative,0.54,0.65,ESI;SPHR;RH;LGMK
2025-07-07,12:39:47,CIEN,NYSE,Consumer Discretionary,H0524,Leadership Change,Benzinga,Negative,0.337,0.76,CHD
2025-07-07,12:39:47,H,NYSE,Consumer Discretionary,H0524,Leadership Change,Benzinga,Negative,0.337,0.76,
2025-07-07,09:40:46,BAX,NYSE ARCA,Energy,H0525,Product Launch,Benzinga,Negative,0.405,0.61,ARWR;INOD;BMY;JEF
2025-07-07,11:07:10,TSLT,LSE,Utilities,H0526,Macroeconomic,Social Media,Negative,0.609,0.68,BAC;BBNX;MPLX
2025-07-07,11:07:10,GNLN,LSE,Utilities,H0526,Macroeconomic,Social Media,Negative,0.609,0.68,MRCY
2025-07-07,11:07:10,IGV,LSE,Utilities,H0526,Macroeconomic,Social Media,Negative,0.609,0.68,NTLA;LABD
2025-07-07,14:27:24,EXPD,NASDAQ,Consumer Discretionary,H0527,M&A,Benzinga,Neutral,0.348,0.61,HUN
2025-07-07,11:38:53,ZI,NYSE,Finance,H0528,Product Launch,Bloomberg,Neutral,0.38,0.64,CWH;CME;VSTS;UAMY
2025-07-07,11:38:53,FBIN,NYSE,Finance,H0528,Product Launch,Bloomberg,Neutral,0.38,0.64,NDAQ;LAMR;DLB;PCOR
2025-07-07,11:38:53,FBND,NYSE,Finance,H0528,Product Launch,Bloomberg,Neutral,0.38,0.64,
2025-07-07,11:38:53,FANG,NYSE,Finance,H0528,Product Launch,Bloomberg,Neutral,0.38,0.64,SJM;HLF
2025-07-07,11:38:53,MTH,NYSE,Finance,H0528,Product Launch,Bloomberg,Neutral,0.38,0.64,MCHI;OGN;XPEV
2025-07-07,09:04:25,GOOS,NYSE ARCA,Real Estate,H0529,Regulation,Social Media,Positive,0.945,0.62,DLTR;PFF
2025-07-07,13:59:59,MLPA,BATS,Consumer Discretionary,H0530,Product Launch,Bloomberg,Positive,0.644,0.98,VWO;TZA;SLV;HE
2025-07-07,15:55:02,SMH,NYSE ARCA,Healthcare,H0531,Rumor,WSJ,Positive,0.69,0.66,SANA
2025-07-07,10:13:51,UUUU,NYSE,Telecom,H0532,Regulation,Social Media,Negative,0.737,0.69,BFLY;HTZ;RIVN
2025-07-07,11:41:13,PSX,BATS,Telecom,H0533,Earnings,CNBC,Positive,0.842,0.98,EWC
2025-07-07,13:42:41,OHI,LSE,Finance,H0534,Product Launch,WSJ,Neutral,0.602,0.57,
2025-07-07,13:38:50,RELY,LSE,Energy,H0535,Earnings,Reuters,Negative,0.992,0.64,UAMY
2025-07-07,09:27:22,NCEW,BATS,Industrial,H0536,Rumor,WSJ,Positive,0.469,0.62,JBLU;SO
2025-07-07,16:56:18,BRO,NYSE ARCA,Utilities,H0537,M&A,Reuters,Neutral,0.811,0.92,HTGC;GDDY;TTD;STAG;IWM
2025-07-07,16:20:08,RITM,NASDAQ,Energy,H0538,Leadership Change,Social Media,Negative,0.781,0.97,
2025-07-07,15:30:34,IBM,LSE,Healthcare,H0539,Product Launch,Benzinga,Negative,0.623,0.7,WYNN;OSCR;EC
2025-07-07,15:30:34,TSN,LSE,Healthcare,H0539,Product Launch,Benzinga,Negative,0.623,0.7,BHP;KEYS;VIR
2025-07-07,15:30:34,PEG,LSE,Healthcare,H0539,Product Launch,Benzinga,Negative,0.623,0.7,PAGS;LIN;CTAS;HAFN
2025-07-07,16:47:13,KEYS,NASDAQ,Industrial,H0540,M&A,Bloomberg,Negative,0.416,0.9,DHR;NYMT;PTLO;EEM
2025-07-07,11:07:04,FOLD,NYSE,Utilities,H0541,Leadership Change,WSJ,Positive,0.165,0.71,FLYW;BSX;SONY
2025-07-07,09:52:11,HSY,NYSE MKT,Energy,H0542,Rumor,Social Media,Negative,0.439,0.75,MT;DOCU;XLG;CMS
2025-07-07,09:33:23,BFLY,NASDAQ,Utilities,H0543,Product Launch,Social Media,Positive,0.427,0.5,
2025-07-07,09:08:18,LDOS,NASDAQ,Consumer Discretionary,H0544,Regulation,Social Media,Negative,0.556,0.78,ATO;CRVS;FITB
2025-07-07,09:33:14,KURA,LSE,Energy,H0545,Macroeconomic,Social Media,Negative,0.378,0.73,GIS
2025-07-07,09:33:14,SHO,LSE,Energy,H0545,Macroeconomic,Social Media,Negative,0.378,0.73,VSTE;SMH;IGT
2025-07-07,09:33:14,VSCO,LSE,Energy,H0545,Macroeconomic,Social Media,Negative,0.378,0.73,FROG;NABL;HLN;BSY
2025-07-07,09:33:14,PLUG,LSE,Energy,H0545,Macroeconomic,Social Media,Negative,0.378,0.73,NEE;LRCX;GFS;BVN;PACK
2025-07-07,09:33:14,SHOO,LSE,Energy,H0545,Macroeconomic,Social Media,Negative,0.378,0.73,HBAN;DNA;BLOK;BWXT;CHRD
2025-07-07,14:16:16,SDRL,BATS,Industrial,H0546,Earnings,Bloomberg,Positive,0.79,0.53,IJH
2025-07-07,11:40:11,IEUR,BATS,Energy,H0547,Regulation,Bloomberg,Positive,0.964,0.79,
2025-07-07,13:58:11,LBTYK,NYSE MKT,Real Estate,H0548,Regulation,Reuters,Positive,0.72,0.66,SPTL
2025-07-07,11:30:14,WEN,NASDAQ,Healthcare,H0549,Leadership Change,Benzinga,Negative,0.426,0.71,SNPS;COTY;NWG;JEPQ;HAE
2025-07-07,16:40:07,FEZ,NASDAQ,Finance,H0550,Regulation,Reuters,Positive,0.651,0.65,EOSE;HRTG;Z
2025-07-07,11:56:27,VRRM,NYSE ARCA,Consumer Discretionary,H0551,Regulation,Social Media,Negative,0.242,0.68,CBRE
2025-07-07,12:26:53,FEZ,NYSE,Energy,H0552,Leadership Change,Reuters,Neutral,0.681,0.58,
2025-07-07,10:25:25,VRTX,NASDAQ,Industrial,H0553,Earnings,WSJ,Negative,0.159,0.79,SQQQ
2025-07-07,10:25:25,SSNC,NASDAQ,Industrial,H0553,Earnings,WSJ,Negative,0.159,0.79,NABL;JBL;ES;EUFN
2025-07-07,10:25:25,CAN,NASDAQ,Industrial,H0553,Earnings,WSJ,Negative,0.159,0.79,
2025-07-07,10:25:25,UBS,NASDAQ,Industrial,H0553,Earnings,WSJ,Negative,0.159,0.79,OCGN
2025-07-07,10:25:25,APTV,NASDAQ,Industrial,H0553,Earnings,WSJ,Negative,0.159,0.79,RIOT
2025-07-07,12:36:36,CELH,LSE,Healthcare,H0554,Regulation,CNBC,Neutral,0.866,0.68,
2025-07-07,09:12:51,INCY,NYSE ARCA,Utilities,H0555,Macroeconomic,Bloomberg,Neutral,0.809,0.5,SPSB;CRWD
2025-07-07,10:59:08,TDOC,NYSE ARCA,Industrial,H0556,Macroeconomic,Benzinga,Negative,0.224,0.58,DHC;FIGS;NSC
2025-07-07,15:59:52,AUTL,NYSE,Energy,H0557,Product Launch,WSJ,Positive,0.161,0.85,MBLY;GXO;TWLO;COWZ
2025-07-07,13:22:01,LZ,LSE,Real Estate,H0558,Macroeconomic,Bloomberg,Negative,0.188,0.64,WSC;FIS
2025-07-07,09:21:23,LXEO,NYSE ARCA,Real Estate,H0559,Rumor,CNBC,Negative,0.881,0.8,PPBI
2025-07-07,14:33:35,OMCL,NYSE ARCA,Technology,H0560,Product Launch,CNBC,Negative,0.94,0.97,
2025-07-07,14:17:39,TEAM,NASDAQ,Industrial,H0561,Macroeconomic,WSJ,Negative,0.504,0.59,DTM;SPYU
2025-07-07,09:37:15,CVNA,LSE,Telecom,H0562,Rumor,Reuters,Neutral,0.815,0.77,MREO;FSLR;AMZU
2025-07-07,16:01:13,ECVT,NYSE MKT,Consumer Discretionary,H0563,Product Launch,Bloomberg,Negative,0.142,0.87,
2025-07-07,12:15:19,RDN,NYSE ARCA,Healthcare,H0564,Rumor,Reuters,Positive,0.518,0.73,PGNY;CCO;TCAF;HTZ
2025-07-07,09:50:13,TPG,NASDAQ,Telecom,H0565,Macroeconomic,Bloomberg,Positive,0.332,0.59,
2025-07-07,14:04:37,DENN,BATS,Real Estate,H0566,Rumor,CNBC,Negative,0.137,0.95,APPN
2025-07-07,16:35:48,ONON,LSE,Consumer Discretionary,H0567,Rumor,CNBC,Neutral,0.207,0.5,ROL;LVS;MUB;COO;YINN
2025-07-07,16:58:51,BTOG,NYSE ARCA,Finance,H0568,M&A,Bloomberg,Neutral,0.589,0.59,SHOO;TTEK;SSB;SPG;PZZA
2025-07-07,14:46:15,CXM,LSE,Telecom,H0569,Product Launch,CNBC,Positive,0.461,0.75,FBND;CNQ;TGTX
2025-07-07,10:51:14,LBRT,NYSE,Technology,H0570,Regulation,Bloomberg,Neutral,0.593,0.97,TAC;GRAL;SHAK
2025-07-07,15:26:09,METU,BATS,Telecom,H0571,Product Launch,Bloomberg,Negative,0.608,0.71,SPHR;LC
2025-07-07,09:28:52,BOX,NASDAQ,Finance,H0572,M&A,Social Media,Negative,0.576,0.88,CHDN
2025-07-07,16:27:22,BRBR,NASDAQ,Industrial,H0573,Rumor,Benzinga,Negative,0.212,0.52,RCAT
2025-07-07,09:04:58,CYTK,BATS,Healthcare,H0574,Regulation,Reuters,Positive,0.787,0.98,KURA;EXPD
2025-07-07,12:52:24,FR,NYSE ARCA,Energy,H0575,M&A,CNBC,Positive,0.294,0.88,LNT
2025-07-07,10:23:10,DJT,NYSE MKT,Consumer Discretionary,H0576,Macroeconomic,Bloomberg,Positive,0.192,0.64,
2025-07-07,16:27:34,BALL,LSE,Telecom,H0577,Earnings,Social Media,Positive,0.64,0.96,GDHG;MIDD;MODG;SBUX
2025-07-07,11:29:41,EOG,NYSE,Technology,H0578,Earnings,Benzinga,Negative,0.393,0.6,TGT;T;LYG
2025-07-07,10:40:19,GDHG,NYSE ARCA,Healthcare,H0579,M&A,Social Media,Positive,0.706,0.52,IWR;PDM;MP;DJT
2025-07-07,13:14:31,NOMD,NYSE MKT,Industrial,H0580,Earnings,Reuters,Negative,0.511,0.64,TQQQ;PHYS;VZLA;RDY
2025-07-07,14:22:33,RZLT,NYSE ARCA,Utilities,H0581,Earnings,CNBC,Negative,0.96,0.79,
2025-07-07,10:00:32,NVDL,NYSE ARCA,Energy,H0582,Regulation,Bloomberg,Neutral,0.342,0.76,EAT;MS
2025-07-07,09:43:25,RGTI,BATS,Energy,H0583,Earnings,Reuters,Positive,0.393,0.6,
2025-07-07,12:46:08,MSOS,NYSE,Utilities,H0584,M&A,CNBC,Positive,0.591,0.93,
2025-07-07,09:36:18,IYE,NYSE,Real Estate,H0585,M&A,Reuters,Negative,0.556,0.83,SIBN;CGNX;TSLZ
2025-07-07,12:46:50,IAU,NYSE MKT,Industrial,H0586,Leadership Change,CNBC,Positive,0.195,0.81,PINS
2025-07-07,16:39:40,BYD,NYSE MKT,Finance,H0587,Earnings,Social Media,Positive,0.266,0.94,SW;HE
2025-07-07,14:15:06,ECL,NYSE,Technology,H0588,Rumor,Benzinga,Negative,0.922,0.98,
2025-07-07,14:15:06,FCX,NYSE,Technology,H0588,Rumor,Benzinga,Negative,0.922,0.98,LNTH;RZLT;MUB;SPXL
2025-07-07,14:15:06,PHIO,NYSE,Technology,H0588,Rumor,Benzinga,Negative,0.922,0.98,
2025-07-07,11:11:26,KR,NYSE,Healthcare,H0589,Rumor,Reuters,Positive,0.81,0.7,
2025-07-07,09:19:23,ICHR,NYSE MKT,Finance,H0590,Macroeconomic,Bloomberg,Neutral,0.355,0.75,ARRY
2025-07-07,15:11:47,BNTX,BATS,Utilities,H0591,Macroeconomic,Social Media,Positive,0.764,0.58,
2025-07-07,13:16:03,SNY,NYSE MKT,Utilities,H0592,Macroeconomic,Benzinga,Neutral,0.5,0.98,BOIL;KSA
2025-07-07,14:04:38,DOW,NYSE MKT,Telecom,H0593,Macroeconomic,Benzinga,Positive,0.473,0.79,RELY;IAG;FN;APTV;NBIX
2025-07-07,09:37:51,GDHG,NYSE MKT,Telecom,H0594,Regulation,CNBC,Positive,0.661,0.95,CCCS;TEL
2025-07-07,09:51:08,VCYT,BATS,Consumer Discretionary,H0595,Regulation,Benzinga,Positive,0.324,0.51,ANGI;ETN;FLOT;TDUP
2025-07-07,15:33:19,MRVL,NASDAQ,Industrial,H0596,Regulation,CNBC,Negative,0.18,0.66,UBER;CG;VIK;DVAX;SHV
2025-07-07,09:42:51,IR,NYSE ARCA,Utilities,H0597,Rumor,Bloomberg,Positive,0.74,0.79,FANG
2025-07-07,11:09:18,UE,NASDAQ,Telecom,H0598,Leadership Change,Bloomberg,Neutral,0.74,0.67,PSA;EVER;HAIN
2025-07-07,13:53:34,NWG,NYSE MKT,Real Estate,H0599,Macroeconomic,Reuters,Neutral,0.673,0.67,MINT;DKS;CNH
2025-07-07,09:13:57,TXG,NYSE,Consumer Discretionary,H0600,Regulation,WSJ,Neutral,0.629,0.9,LEG;VSTE
2025-07-07,11:27:05,FLG,LSE,Finance,H0601,Rumor,WSJ,Neutral,0.264,0.92,KMX;NVDL;VTRS;SCHF;SU
2025-07-07,11:05:33,PPL,NYSE,Real Estate,H0602,M&A,Social Media,Negative,0.562,0.55,
2025-07-07,13:01:35,SERV,NYSE ARCA,Utilities,H0603,M&A,Social Media,Negative,0.832,0.55,EXPI;RYN
2025-07-07,16:02:50,WEC,NYSE MKT,Healthcare,H0604,Macroeconomic,Benzinga,Positive,0.368,0.65,LINE;RIG
2025-07-07,11:57:21,FEZ,NASDAQ,Utilities,H0605,Leadership Change,CNBC,Negative,0.685,0.86,
2025-07-07,15:31:57,FOXA,LSE,Finance,H0606,Product Launch,Reuters,Positive,0.404,0.88,Z
2025-07-07,09:16:53,DTE,NYSE,Utilities,H0607,Rumor,CNBC,Positive,0.402,0.66,NWSA;LNG
2025-07-07,16:13:29,NVNI,NYSE,Telecom,H0608,Product Launch,Reuters,Positive,0.955,0.83,SPRY;TSLQ;OVV;EJH
2025-07-07,16:09:34,OCUL,NYSE,Industrial,H0609,Product Launch,WSJ,Negative,0.585,0.74,BCRX;GRPN
2025-07-07,09:34:38,UTZ,NASDAQ,Energy,H0610,Earnings,WSJ,Positive,0.78,0.64,EXAS;CHTR;GNL;TNDM
2025-07-07,12:14:50,CIG,NYSE MKT,Real Estate,H0611,Rumor,Bloomberg,Negative,0.285,0.97,
2025-07-07,13:43:14,TSLR,NYSE,Utilities,H0612,Earnings,Reuters,Positive,0.355,0.68,SPOT;XLP
2025-07-07,13:18:07,WOLF,NYSE ARCA,Finance,H0613,Earnings,Bloomberg,Negative,0.419,0.57,FUN
2025-07-07,14:38:54,AMZN,NYSE ARCA,Industrial,H0614,Leadership Change,Bloomberg,Negative,0.913,0.83,EFA;NSC;MCHI;MNKD;OSCR
2025-07-07,13:28:55,BFLY,NYSE,Utilities,H0615,Macroeconomic,Benzinga,Negative,0.289,0.91,
2025-07-07,16:50:02,CHX,BATS,Real Estate,H0616,Macroeconomic,CNBC,Positive,0.845,0.8,
2025-07-07,15:16:27,LUV,NYSE,Finance,H0617,M&A,CNBC,Positive,0.609,0.56,TT;IUSB;SDOW;OEC
2025-07-07,15:16:27,CRGY,NYSE,Finance,H0617,M&A,CNBC,Positive,0.609,0.56,RERE;CPS
2025-07-07,15:16:27,RARE,NYSE,Finance,H0617,M&A,CNBC,Positive,0.609,0.56,
2025-07-07,15:16:27,NG,NYSE,Finance,H0617,M&A,CNBC,Positive,0.609,0.56,XLY
2025-07-07,15:16:27,SCI,NYSE,Finance,H0617,M&A,CNBC,Positive,0.609,0.56,HBAN
2025-07-07,14:29:46,ATAI,BATS,Finance,H0618,Rumor,CNBC,Negative,0.869,0.86,
2025-07-07,12:54:32,PACB,NYSE ARCA,Consumer Discretionary,H0619,Leadership Change,Bloomberg,Negative,0.589,0.95,CLS;SNDX;SCHD
2025-07-07,15:56:15,HAS,BATS,Industrial,H0620,Macroeconomic,Benzinga,Positive,0.348,0.98,LYV;IRM
2025-07-07,13:21:34,GPK,NYSE MKT,Utilities,H0621,Leadership Change,Social Media,Negative,0.835,0.55,TXT
2025-07-07,09:49:30,FOLD,NASDAQ,Consumer Discretionary,H0622,Macroeconomic,Reuters,Negative,0.177,0.52,DE
2025-07-07,09:14:02,UMC,LSE,Consumer Discretionary,H0623,Product Launch,Bloomberg,Neutral,0.594,0.77,
2025-07-07,14:37:47,EXC,BATS,Healthcare,H0624,Macroeconomic,Social Media,Negative,0.789,0.86,
2025-07-07,09:40:13,VOO,NYSE ARCA,Finance,H0625,Rumor,Bloomberg,Positive,0.901,0.68,AU
2025-07-07,10:57:28,NTR,LSE,Consumer Discretionary,H0626,M&A,Social Media,Neutral,0.1,0.66,TWO
2025-07-07,15:34:05,GOF,LSE,Technology,H0627,Macroeconomic,CNBC,Negative,0.29,0.91,COMP;BBVA;ECX;FOLD;VERA
2025-07-07,12:53:41,VUG,NYSE MKT,Industrial,H0628,Rumor,CNBC,Positive,0.84,0.7,EWJ;SPIB;EXAS;NDAQ
2025-07-07,13:08:42,MAN,NYSE,Utilities,H0629,Macroeconomic,CNBC,Positive,0.123,0.53,RELX;SIL;ORN
2025-07-07,14:22:38,CSCO,BATS,Industrial,H0630,Leadership Change,Reuters,Negative,0.854,0.8,SMTC;ANGI;DEO;JBI;CERT
2025-07-07,10:18:36,RH,NYSE,Energy,H0631,Leadership Change,Social Media,Neutral,0.55,0.73,TU;SHLS;JHG;DOCN;CDW
2025-07-07,12:34:55,URBN,NYSE MKT,Healthcare,H0632,Regulation,WSJ,Positive,0.909,0.88,CORZ;CX;KR;VT;PDBC
2025-07-07,10:33:52,VOD,NYSE ARCA,Energy,H0633,Macroeconomic,Bloomberg,Positive,0.619,0.84,ILMN;PEB;DFAS;DFAE
2025-07-07,15:32:23,XLRE,NYSE MKT,Healthcare,H0634,M&A,Bloomberg,Positive,0.903,0.58,METU;TK;AVEM;IYR
2025-07-07,09:21:33,NSC,LSE,Real Estate,H0635,Product Launch,Reuters,Negative,0.653,0.94,KSS
2025-07-07,11:56:47,SRLN,BATS,Technology,H0636,Regulation,Bloomberg,Neutral,0.365,0.99,MIR;XNCR;PHYS
2025-07-07,13:14:05,SLM,LSE,Consumer Discretionary,H0637,Regulation,CNBC,Negative,0.337,0.76,
2025-07-07,16:23:49,GEVO,NASDAQ,Industrial,H0638,Regulation,Benzinga,Positive,0.141,0.82,IBIT;TROX;CRVS;IEI;NOMD
2025-07-07,16:23:49,PAGS,NASDAQ,Industrial,H0638,Regulation,Benzinga,Positive,0.141,0.82,KAR
2025-07-07,16:23:49,ASHR,NASDAQ,Industrial,H0638,Regulation,Benzinga,Positive,0.141,0.82,CURI;MA
2025-07-07,12:34:31,TTE,NYSE,Consumer Discretionary,H0639,Product Launch,WSJ,Negative,0.919,0.78,COP;VRRM;TXRH;TWST
2025-07-07,15:20:11,RXRX,NYSE,Industrial,H0640,Rumor,CNBC,Positive,0.229,0.5,BEPC;LRCX
2025-07-07,15:07:33,IP,NYSE MKT,Healthcare,H0641,Leadership Change,Reuters,Neutral,0.548,0.55,RXST;AUR
2025-07-07,15:22:46,PHYS,NYSE MKT,Technology,H0642,M&A,Reuters,Negative,0.358,0.55,OXLC;CF;TME
2025-07-07,14:14:33,ED,BATS,Energy,H0643,Macroeconomic,CNBC,Positive,0.944,0.82,CFG;MYGN;SSO
2025-07-07,14:05:36,RCUS,LSE,Consumer Discretionary,H0644,Earnings,Benzinga,Negative,0.121,0.71,EC;NVDD;INDA
2025-07-07,13:14:02,KWEB,NYSE ARCA,Healthcare,H0645,Macroeconomic,Benzinga,Positive,0.164,0.52,SCHV;RYAN;NET;QCOM;BINC
2025-07-07,12:18:37,CFG,BATS,Technology,H0646,Earnings,Reuters,Positive,0.779,0.67,WDS;GTLB;PLTU;CWAN
2025-07-07,09:56:31,HPP,NYSE,Industrial,H0647,M&A,Social Media,Positive,0.422,0.74,
2025-07-07,15:42:17,LUMN,NYSE ARCA,Finance,H0648,Leadership Change,Bloomberg,Neutral,0.437,0.7,SILJ;MTSR;CDRE;CPRT;FLR
2025-07-07,14:02:56,DT,LSE,Real Estate,H0649,Earnings,Reuters,Positive,0.847,0.8,COOP;CL;FAS;QBTS;SMCX
2025-07-07,13:57:31,XERS,NYSE,Telecom,H0650,Leadership Change,WSJ,Positive,0.176,0.73,
2025-07-07,10:24:58,OPCH,NYSE MKT,Industrial,H0651,M&A,Reuters,Negative,0.395,0.88,VSAT
2025-07-07,13:23:26,DENN,NYSE MKT,Industrial,H0652,Rumor,Bloomberg,Negative,0.178,0.54,CCL;HOLX;NAK
2025-07-07,16:04:00,XLY,NASDAQ,Industrial,H0653,M&A,Social Media,Positive,0.527,0.63,UMAC;BTSG;FNDA;TSM
2025-07-07,09:59:23,KLG,BATS,Energy,H0654,Rumor,WSJ,Neutral,0.894,0.98,IWN;DTM;ORN
2025-07-07,12:15:18,RIO,NASDAQ,Healthcare,H0655,Leadership Change,Benzinga,Positive,0.992,0.84,ERJ;CX;TSN
2025-07-07,11:05:58,FTK,NYSE,Technology,H0656,Macroeconomic,CNBC,Negative,0.659,0.57,SMCY;LAC;VLRS;TTWO
2025-07-07,16:21:10,WYNN,BATS,Technology,H0657,Product Launch,Social Media,Negative,0.778,0.86,TROX;DNN;UBS;SSRM
2025-07-07,14:19:34,BITX,NYSE ARCA,Healthcare,H0658,Leadership Change,Reuters,Negative,0.722,0.77,LSPD
2025-07-07,15:24:41,IYE,NYSE MKT,Finance,H0659,Macroeconomic,Reuters,Negative,0.209,0.81,STNE
2025-07-07,13:27:38,PAGS,NYSE,Healthcare,H0660,Earnings,Benzinga,Positive,0.342,0.82,EQNR;NOW;DHT;QFIN
2025-07-07,14:19:17,KD,NYSE MKT,Technology,H0661,Rumor,Social Media,Neutral,0.257,0.64,GNLN;FNDA;FBTC;RLAY;PULS
2025-07-07,12:05:29,VALE,NYSE,Industrial,H0662,Regulation,Bloomberg,Negative,0.119,0.84,
2025-07-07,14:14:34,FBIN,LSE,Technology,H0663,Macroeconomic,Benzinga,Positive,0.511,0.99,VKTX;GBDC;NWG;TOVX
2025-07-07,09:02:32,DOCN,BATS,Telecom,H0664,Leadership Change,CNBC,Positive,0.361,0.6,SPHQ;FIVE;USO;HBI
2025-07-07,16:17:46,SCHA,NYSE ARCA,Energy,H0665,M&A,Reuters,Positive,0.23,0.99,PTCT;COMP;VNO;TALK
2025-07-07,12:00:53,RRX,LSE,Telecom,H0666,Rumor,Reuters,Neutral,0.223,0.69,KMT;NWL;GERN;RCI
2025-07-07,14:59:49,TPR,NASDAQ,Technology,H0667,Product Launch,Reuters,Positive,0.241,0.89,DAY;SGOV;NVDQ;WHR;NVT
2025-07-07,12:53:05,OMEX,NYSE ARCA,Real Estate,H0668,Product Launch,Bloomberg,Positive,0.564,0.78,PLTU;WW;ED
2025-07-07,15:28:07,SYF,NYSE,Telecom,H0669,M&A,Bloomberg,Neutral,0.229,0.66,TRP;CFG
2025-07-07,11:59:23,MFC,NYSE,Utilities,H0670,M&A,CNBC,Negative,0.605,0.71,OVV;GRRR;BG;HTZ
2025-07-07,14:47:52,OR,LSE,Industrial,H0671,Rumor,Benzinga,Negative,0.358,0.56,KHC;CROX;LNG;BN;AZEK
2025-07-07,16:19:05,EW,NASDAQ,Telecom,H0672,Rumor,Bloomberg,Positive,0.535,0.82,SCHE;COF
2025-07-07,13:11:23,LFMD,NYSE ARCA,Consumer Discretionary,H0673,Product Launch,WSJ,Negative,0.353,0.54,
2025-07-07,14:54:15,DAL,BATS,Utilities,H0674,M&A,Reuters,Positive,0.969,0.68,BNTX;JKHY;HE
2025-07-07,11:57:18,FRSH,BATS,Telecom,H0675,M&A,CNBC,Negative,0.949,0.53,JBHT
2025-07-07,13:41:15,SPSM,LSE,Industrial,H0676,Regulation,CNBC,Neutral,0.485,0.94,
2025-07-07,12:12:27,RF,NYSE ARCA,Telecom,H0677,M&A,CNBC,Positive,0.238,0.83,VCYT
2025-07-07,12:12:27,AQN,NYSE ARCA,Telecom,H0677,M&A,CNBC,Positive,0.238,0.83,KOPN;VLRS;UUUU;CISO;XIFR
2025-07-07,12:12:27,YALA,NYSE ARCA,Telecom,H0677,M&A,CNBC,Positive,0.238,0.83,
2025-07-07,12:12:27,BTG,NYSE ARCA,Telecom,H0677,M&A,CNBC,Positive,0.238,0.83,
2025-07-07,13:32:09,EWZ,BATS,Healthcare,H0678,Product Launch,Bloomberg,Positive,0.515,0.8,ILMN;QSI;RCL;NLY;CPRT
2025-07-07,14:30:34,BAM,NYSE MKT,Consumer Discretionary,H0679,Macroeconomic,Benzinga,Negative,0.981,0.92,LEGN;PL
2025-07-07,09:26:51,GDHG,NYSE ARCA,Consumer Discretionary,H0680,Leadership Change,Reuters,Negative,0.878,0.88,
2025-07-07,10:04:56,GRPN,BATS,Healthcare,H0681,Product Launch,Social Media,Positive,0.904,0.83,KVUE;CCJ;CNI;KC;PLTD
2025-07-07,12:40:00,EXTR,LSE,Finance,H0682,Leadership Change,WSJ,Negative,0.376,0.82,
2025-07-07,15:50:26,PSLV,NYSE,Consumer Discretionary,H0683,Leadership Change,CNBC,Positive,0.766,0.87,WRB
2025-07-07,12:01:55,KEY,NYSE,Healthcare,H0684,Macroeconomic,CNBC,Negative,0.441,0.68,HST
2025-07-07,14:08:33,HIG,NYSE ARCA,Real Estate,H0685,Earnings,Reuters,Neutral,0.583,0.7,FSS;IAUX;BNL;GE;SABR
2025-07-07,11:31:46,HAFN,NYSE,Consumer Discretionary,H0686,Rumor,Reuters,Positive,0.322,0.54,
2025-07-07,10:56:11,LNT,LSE,Energy,H0687,Earnings,Bloomberg,Positive,0.288,0.8,ODFL;CIG
2025-07-07,11:17:35,CMP,NYSE ARCA,Telecom,H0688,Leadership Change,WSJ,Negative,0.369,1.0,VTRS;MBLY;ESTC
2025-07-07,13:59:28,IVW,LSE,Technology,H0689,Macroeconomic,Reuters,Negative,0.298,0.79,OMC;FCX;DGRW;PONY
2025-07-07,09:35:45,NBIX,NYSE,Telecom,H0690,Product Launch,Social Media,Negative,0.45,0.74,CHGG;TEF
2025-07-07,10:29:35,ERJ,NASDAQ,Healthcare,H0691,Product Launch,Reuters,Positive,0.364,0.91,
2025-07-07,16:12:00,SEM,BATS,Utilities,H0692,Regulation,WSJ,Negative,0.636,0.94,GLL;LFMD;BANC;DEI;ATAT
2025-07-07,14:35:13,HBAN,NYSE MKT,Telecom,H0693,Rumor,Bloomberg,Positive,0.174,0.66,IREN;DINO;BAX
2025-07-07,11:00:18,YALA,NYSE,Technology,H0694,M&A,Reuters,Positive,0.744,0.52,TIP;RZLV
2025-07-07,13:37:59,CRNC,BATS,Healthcare,H0695,Earnings,Benzinga,Negative,0.405,0.82,JMIA;GNL
2025-07-07,13:59:51,BAX,NYSE ARCA,Utilities,H0696,Macroeconomic,Benzinga,Positive,0.359,0.96,OVV;IQV
2025-07-07,10:47:23,SIRI,NYSE MKT,Telecom,H0697,Macroeconomic,CNBC,Negative,0.476,0.77,
2025-07-07,12:16:13,IBRX,LSE,Utilities,H0698,Product Launch,Social Media,Positive,0.116,0.8,GUNR;XLI;GPRO;SNPS
2025-07-07,13:02:29,NWG,BATS,Real Estate,H0699,Regulation,WSJ,Positive,0.941,0.67,WEAV;SBH
2025-07-07,13:34:58,SCHO,NYSE ARCA,Real Estate,H0700,Regulation,WSJ,Negative,0.488,0.54,OTIS;HPE;FENY;NVDY;GH
2025-07-07,13:43:42,UVIX,NASDAQ,Telecom,H0701,M&A,Benzinga,Positive,0.916,0.64,AXTA;HBAN
2025-07-07,13:12:28,SCHH,NYSE MKT,Consumer Discretionary,H0702,Regulation,Reuters,Negative,0.276,0.5,EDU;DT;CYTK;SVIX;TSCO
2025-07-07,10:32:20,KAR,BATS,Technology,H0703,Leadership Change,WSJ,Negative,0.827,0.92,KBH;BFLY;GDRX
2025-07-07,15:52:34,ROST,NYSE MKT,Real Estate,H0704,Rumor,Social Media,Positive,0.197,0.94,DKNG
2025-07-07,10:09:10,PHM,LSE,Healthcare,H0705,Rumor,Bloomberg,Neutral,0.867,1.0,GFI;NWL
2025-07-07,11:17:33,DFLV,NASDAQ,Finance,H0706,Earnings,Reuters,Negative,0.848,0.85,FI
2025-07-07,09:59:51,MA,NASDAQ,Telecom,H0707,Leadership Change,Social Media,Positive,0.795,0.51,CCCS;VT;BWA
2025-07-07,11:27:01,MTDR,NASDAQ,Finance,H0708,M&A,WSJ,Negative,0.615,0.86,ORC;CCCC;CUBE
2025-07-07,13:16:07,VNQ,NASDAQ,Utilities,H0709,Product Launch,Benzinga,Neutral,0.975,0.63,KTOS;IVR;FLUT;EPI;PGR
2025-07-07,11:03:58,TBLA,BATS,Industrial,H0710,M&A,WSJ,Positive,0.32,0.6,PSEC;NUE;CCEP
2025-07-07,12:22:56,BROS,BATS,Real Estate,H0711,Macroeconomic,Bloomberg,Negative,0.562,0.96,
2025-07-07,16:30:23,PCT,NYSE ARCA,Telecom,H0712,Product Launch,Benzinga,Negative,0.369,1.0,XOM
2025-07-07,13:55:53,AVY,NYSE ARCA,Consumer Discretionary,H0713,Product Launch,WSJ,Negative,0.837,0.77,BRKR;SKX;NIO;HLF;ROST
2025-07-07,10:55:23,SUI,NYSE MKT,Telecom,H0714,Macroeconomic,Benzinga,Negative,0.487,0.95,
2025-07-07,15:19:31,QLD,BATS,Telecom,H0715,M&A,WSJ,Neutral,0.363,0.58,GEV;VEU;THS;LVS
2025-07-07,13:50:36,PFG,NYSE MKT,Energy,H0716,Leadership Change,Social Media,Negative,0.775,0.6,
2025-07-07,15:09:22,CRS,LSE,Energy,H0717,Leadership Change,Bloomberg,Negative,0.809,0.99,VOO;HBM;NDAQ;MAGN;BBIO
2025-07-07,15:35:48,FARO,NYSE ARCA,Consumer Discretionary,H0718,Macroeconomic,Bloomberg,Negative,0.797,0.95,NOW;ROIV;HCC;CNC;LW
2025-07-07,14:37:37,MRP,LSE,Telecom,H0719,Earnings,Bloomberg,Positive,1.0,0.62,AVTR;SYK
2025-07-07,14:37:37,YPF,LSE,Telecom,H0719,Earnings,Bloomberg,Positive,1.0,0.62,BSY;D
2025-07-07,14:37:37,PHG,LSE,Telecom,H0719,Earnings,Bloomberg,Positive,1.0,0.62,
2025-07-07,14:37:37,AZTA,LSE,Telecom,H0719,Earnings,Bloomberg,Positive,1.0,0.62,
2025-07-07,14:23:21,MGNI,BATS,Telecom,H0720,Product Launch,CNBC,Negative,0.329,0.7,GFI;CSTM;LFMD
2025-07-07,13:04:15,MC,NYSE ARCA,Finance,H0721,Rumor,Bloomberg,Positive,0.955,0.64,RRC
2025-07-07,14:33:13,KODK,LSE,Energy,H0722,Macroeconomic,CNBC,Negative,0.821,0.86,SO;KRC;FUBO;VDC;RDN
2025-07-07,09:57:05,GRPN,NYSE MKT,Finance,H0723,Leadership Change,Social Media,Positive,0.547,0.5,AXP;GOOG;WOLF
2025-07-07,11:33:29,WGS,NYSE,Finance,H0724,Regulation,WSJ,Negative,0.561,0.52,
2025-07-07,13:56:31,SES,NASDAQ,Energy,H0725,M&A,Reuters,Positive,0.827,0.81,IRWD;EBC
2025-07-07,12:48:59,JHG,NYSE ARCA,Telecom,H0726,Leadership Change,Bloomberg,Positive,0.407,0.9,VOYA;NVDD
2025-07-07,10:01:40,IVR,LSE,Healthcare,H0727,Leadership Change,Social Media,Negative,0.978,0.92,ULCC
2025-07-07,10:55:38,MBC,NYSE ARCA,Utilities,H0728,Leadership Change,Bloomberg,Negative,0.239,0.76,PAGS
2025-07-07,13:29:16,BE,NYSE ARCA,Industrial,H0729,Leadership Change,Social Media,Negative,0.812,0.73,SCHE;MATX
2025-07-07,10:35:12,CCCC,NYSE ARCA,Technology,H0730,Rumor,CNBC,Negative,0.378,0.54,ASB;LEGN;PTCT;TDOC
2025-07-07,14:41:25,SNOW,NYSE ARCA,Real Estate,H0731,Product Launch,Reuters,Negative,0.723,0.65,MRX
2025-07-07,15:38:52,GEO,NASDAQ,Energy,H0732,Rumor,WSJ,Negative,0.557,0.63,TOL;SEZL;HOLO;PYPL;PATH
2025-07-07,13:28:18,VNET,NYSE MKT,Finance,H0733,Leadership Change,WSJ,Neutral,0.763,0.89,CNEY;SPY;FEZ;DOCU;ESNT
2025-07-07,16:35:12,WU,NYSE MKT,Finance,H0734,Rumor,Bloomberg,Positive,0.58,0.71,RGNX;DRH;REM
2025-07-07,16:16:26,CCEP,NYSE ARCA,Healthcare,H0735,Leadership Change,Reuters,Negative,0.932,0.5,INZY;GPN;NG
2025-07-07,12:33:46,LC,NYSE,Finance,H0736,Regulation,Bloomberg,Positive,0.389,0.57,
2025-07-07,13:55:03,LYEL,NYSE MKT,Technology,H0737,Regulation,CNBC,Positive,0.727,0.93,PYLD;CLSK
2025-07-07,10:46:04,VTWO,NYSE ARCA,Consumer Discretionary,H0738,Leadership Change,CNBC,Positive,0.244,0.56,DB;HMY
2025-07-07,14:19:11,FLNC,NASDAQ,Industrial,H0739,Product Launch,Bloomberg,Positive,0.468,0.62,TXG;SRAD;FIGS;FLOT;TCAF
2025-07-07,16:04:18,VONG,NYSE MKT,Telecom,H0740,Earnings,Bloomberg,Neutral,0.175,0.83,GENI;BWA;SKT;RIVN;NGG
2025-07-07,12:12:11,DNOW,BATS,Energy,H0741,Rumor,Reuters,Neutral,0.824,0.94,LNT;OCUL;FSM;RZLT
2025-07-07,15:09:33,IUSB,LSE,Telecom,H0742,Regulation,Social Media,Neutral,0.705,0.59,ICL;SCHV;BLMN;QXO
2025-07-07,14:11:10,DNB,NYSE,Finance,H0743,Macroeconomic,CNBC,Negative,0.738,0.99,Z
2025-07-07,13:38:56,SPYI,NYSE ARCA,Real Estate,H0744,M&A,Benzinga,Negative,0.288,0.84,URTY;TSN;S;OMC
2025-07-07,11:35:39,SSO,NYSE ARCA,Energy,H0745,Rumor,WSJ,Neutral,0.336,0.53,GS;CHGG
2025-07-07,12:30:49,CURI,NYSE MKT,Consumer Discretionary,H0746,Regulation,WSJ,Positive,0.289,0.84,LOW
2025-07-07,15:57:57,SOXX,NYSE ARCA,Real Estate,H0747,Rumor,Social Media,Neutral,0.321,0.71,TOST
2025-07-07,15:54:44,UWMC,NYSE MKT,Industrial,H0748,Rumor,Benzinga,Positive,0.377,0.57,PFGC;EOG;BLOK
2025-07-07,15:26:39,TTI,NASDAQ,Real Estate,H0749,Leadership Change,WSJ,Negative,0.144,0.6,PLTK;ARKB;LFST
2025-07-07,09:12:31,FTV,NYSE,Industrial,H0750,Macroeconomic,Bloomberg,Positive,0.121,0.93,
2025-07-07,15:11:20,HGV,LSE,Telecom,H0751,M&A,Social Media,Positive,0.561,0.76,ET;LI
2025-07-07,15:35:35,F,BATS,Consumer Discretionary,H0752,Macroeconomic,Social Media,Negative,0.738,0.67,
2025-07-07,15:35:35,JPST,BATS,Consumer Discretionary,H0752,Macroeconomic,Social Media,Negative,0.738,0.67,
2025-07-07,16:58:00,DENN,NYSE MKT,Energy,H0753,Rumor,Benzinga,Positive,0.634,0.87,UDR
2025-07-07,14:29:17,BTBT,NYSE,Energy,H0754,Leadership Change,Reuters,Negative,0.107,0.93,EXTR;TKR;XME
2025-07-07,10:33:29,KC,BATS,Finance,H0755,Regulation,Benzinga,Negative,0.393,0.68,COF;GSM;UNIT;COWZ;APA
2025-07-07,10:04:24,REZI,NYSE,Consumer Discretionary,H0756,Regulation,Social Media,Neutral,0.929,0.76,RLX
2025-07-07,15:20:26,KD,NYSE ARCA,Real Estate,H0757,Product Launch,Reuters,Neutral,0.157,0.8,LBTYA;VSH;VXX;GLL
2025-07-07,09:57:48,SOLV,NASDAQ,Healthcare,H0758,Product Launch,CNBC,Negative,0.787,0.75,
2025-07-07,11:29:01,TPG,LSE,Consumer Discretionary,H0759,Regulation,WSJ,Neutral,0.973,0.65,QQQM;TDW;MUFG;IQ
2025-07-07,15:18:54,FR,LSE,Real Estate,H0760,M&A,Benzinga,Neutral,0.938,0.9,DHF;JAMF;GENI;TALO;CL
2025-07-07,12:44:10,NVST,NYSE MKT,Industrial,H0761,Regulation,Social Media,Neutral,0.343,0.65,UNIT;MEGL;SSB
2025-07-07,13:37:00,SPXU,NYSE MKT,Consumer Discretionary,H0762,Regulation,Reuters,Neutral,0.847,0.79,GPN;MAR;SEAT;UNP
2025-07-07,13:05:50,RGTI,LSE,Consumer Discretionary,H0763,Rumor,Social Media,Positive,0.864,0.6,HAIN;RDDT;IOVA;BRO;GPK
2025-07-07,14:56:51,ROL,BATS,Consumer Discretionary,H0764,Leadership Change,Bloomberg,Positive,0.499,0.74,
2025-07-07,16:03:58,ATEC,NYSE MKT,Consumer Discretionary,H0765,M&A,Benzinga,Negative,0.412,0.59,ASTS;LULU
2025-07-07,10:58:18,GEVO,BATS,Energy,H0766,Macroeconomic,Bloomberg,Neutral,0.139,0.51,PHG;USB
2025-07-07,14:19:09,PLTK,NYSE ARCA,Consumer Discretionary,H0767,Macroeconomic,Social Media,Negative,0.298,0.89,TROW;PDD;YETI;IAG
2025-07-07,12:17:30,BOIL,LSE,Utilities,H0768,Earnings,Social Media,Negative,0.237,0.68,URBN;VST;AREB;HSY
2025-07-07,10:06:01,MOS,BATS,Telecom,H0769,Regulation,CNBC,Neutral,0.612,0.89,NVDL;SIL
2025-07-07,10:21:26,RCAT,NYSE MKT,Real Estate,H0770,Earnings,Reuters,Negative,0.234,0.71,SOXX;RXO;C;GDS;IMTX
2025-07-07,10:17:39,ENTG,LSE,Industrial,H0771,Leadership Change,Social Media,Neutral,0.67,0.78,ST;DGX;PSTG;WRBY;QYLD
2025-07-07,09:48:41,CIG,BATS,Telecom,H0772,M&A,Reuters,Positive,0.512,0.61,
2025-07-07,09:30:57,SQM,NYSE MKT,Utilities,H0773,Product Launch,Social Media,Negative,0.44,0.76,
2025-07-07,10:10:20,DRH,NYSE,Energy,H0774,Earnings,Social Media,Positive,0.842,0.88,CNQ;CHDN
2025-07-07,16:26:02,OUNZ,NYSE ARCA,Industrial,H0775,M&A,Reuters,Neutral,0.351,0.93,AZN;SPY;RES;NVDD
2025-07-07,11:50:42,NYT,BATS,Real Estate,H0776,Earnings,Bloomberg,Negative,0.92,0.55,SRAD
2025-07-07,16:38:13,CAG,NYSE MKT,Real Estate,H0777,Product Launch,Reuters,Positive,0.622,0.94,MP;KKR;GOOGL;OWL;BL
2025-07-07,11:25:28,LYEL,NYSE MKT,Consumer Discretionary,H0778,Product Launch,Bloomberg,Negative,0.8,0.97,FSK
2025-07-07,11:02:49,STM,NYSE ARCA,Finance,H0779,Leadership Change,Reuters,Positive,0.602,0.91,VRN;MBC
2025-07-07,16:05:41,KIND,BATS,Real Estate,H0780,Regulation,Benzinga,Positive,0.414,0.64,FBND;CRGY
2025-07-07,11:31:08,PYLD,NYSE ARCA,Healthcare,H0781,Regulation,Reuters,Negative,0.415,0.83,SPYG
2025-07-07,09:27:03,DRI,BATS,Real Estate,H0782,Earnings,Social Media,Positive,0.262,0.69,DDL;EZU
2025-07-07,11:27:54,CISO,NYSE ARCA,Real Estate,H0783,Regulation,Reuters,Negative,0.842,0.6,
2025-07-07,11:29:47,VGIT,NYSE ARCA,Consumer Discretionary,H0784,Product Launch,Benzinga,Positive,0.452,0.57,
2025-07-07,12:34:12,OC,NASDAQ,Finance,H0785,Macroeconomic,Reuters,Positive,0.921,0.59,ARES
2025-07-07,15:43:25,WULF,NASDAQ,Telecom,H0786,Macroeconomic,Social Media,Neutral,0.797,0.98,JCI;OPK;SNY;CAL
2025-07-07,10:42:54,VVV,NYSE,Real Estate,H0787,Macroeconomic,Benzinga,Negative,0.348,0.53,TECL;JPST;ARKK
2025-07-07,09:19:58,EOG,NYSE,Energy,H0788,Product Launch,WSJ,Negative,0.734,0.95,VERX
2025-07-07,15:51:53,AUR,NASDAQ,Energy,H0789,Leadership Change,Social Media,Negative,0.861,0.58,
2025-07-07,12:58:01,DAL,LSE,Consumer Discretionary,H0790,Leadership Change,CNBC,Neutral,0.417,0.86,IUSB;PTEN
2025-07-07,16:10:06,EC,NASDAQ,Technology,H0791,Earnings,WSJ,Negative,0.687,0.9,FLEX;PCT;ARMK;SAIL
2025-07-07,12:55:08,SCZ,NYSE ARCA,Real Estate,H0792,Product Launch,Benzinga,Negative,0.527,0.62,FOLD;TLH
2025-07-07,16:03:45,AVB,NYSE,Consumer Discretionary,H0793,Macroeconomic,Social Media,Neutral,0.887,0.68,
2025-07-07,09:49:45,VTWO,NYSE,Consumer Discretionary,H0794,Product Launch,Bloomberg,Negative,0.553,0.67,SLM;GOOGL;BFLY;WMG
2025-07-07,09:42:55,VT,BATS,Telecom,H0795,Product Launch,Reuters,Positive,0.527,0.8,WBS
2025-07-07,10:52:13,VVV,NYSE MKT,Energy,H0796,Regulation,CNBC,Positive,0.732,0.66,EWA
2025-07-07,11:55:27,REAX,LSE,Utilities,H0797,Rumor,Benzinga,Positive,0.397,0.69,VGIT;SGOV
2025-07-07,12:44:56,LEG,NASDAQ,Finance,H0798,Rumor,Social Media,Positive,0.671,0.75,UE;CENX;BA;TSLA
2025-07-07,11:37:22,SAND,BATS,Industrial,H0799,M&A,WSJ,Neutral,0.807,0.77,BYD;DFLV;NTNX;IWD
2025-07-07,12:07:15,PNR,LSE,Healthcare,H0800,Rumor,Benzinga,Negative,0.586,0.95,AREB;SHLS;VUG;SM
2025-07-07,11:55:06,FLR,NASDAQ,Telecom,H0801,Leadership Change,Reuters,Negative,0.393,0.93,GRPN;IAC;CCL;SNDX
2025-07-07,14:10:32,SRPT,LSE,Utilities,H0802,Product Launch,Social Media,Positive,0.743,0.84,BITB
2025-07-07,13:12:43,SMMT,LSE,Finance,H0803,Regulation,Social Media,Neutral,0.769,0.65,GLDD;NNN;MSTX;DVN
2025-07-07,14:00:35,GPRO,LSE,Consumer Discretionary,H0804,Earnings,Benzinga,Positive,0.546,0.71,FAST;HAL
2025-07-07,13:14:20,MTCH,NYSE MKT,Healthcare,H0805,Rumor,Social Media,Negative,0.663,0.67,ZETA;WNC
2025-07-07,09:18:44,JANX,NASDAQ,Healthcare,H0806,Leadership Change,Benzinga,Negative,0.961,0.65,EOLS
2025-07-07,10:57:20,CELH,NYSE MKT,Industrial,H0807,Rumor,WSJ,Neutral,0.416,0.78,RGTI;COOP;PRQR
2025-07-07,10:57:20,EAT,NYSE MKT,Industrial,H0807,Rumor,WSJ,Neutral,0.416,0.78,
2025-07-07,10:57:20,SPSM,NYSE MKT,Industrial,H0807,Rumor,WSJ,Neutral,0.416,0.78,ZTS;EOSE;GGLL
2025-07-07,11:03:00,MU,NYSE ARCA,Finance,H0808,M&A,CNBC,Neutral,0.55,0.94,
2025-07-07,10:24:00,PTLO,NYSE,Energy,H0809,Macroeconomic,Reuters,Positive,0.347,0.88,IWF
2025-07-07,10:24:00,SOFI,NYSE,Energy,H0809,Macroeconomic,Reuters,Positive,0.347,0.88,
2025-07-07,10:24:00,FWONK,NYSE,Energy,H0809,Macroeconomic,Reuters,Positive,0.347,0.88,AON;RXST
2025-07-07,10:24:00,TGB,NYSE,Energy,H0809,Macroeconomic,Reuters,Positive,0.347,0.88,USHY;SHAK;EW;QGEN;FAS
2025-07-07,14:30:30,BTG,NYSE,Technology,H0810,Macroeconomic,Social Media,Negative,0.86,0.83,FE;NRDS;BRBR;OXLC;CRVS
2025-07-07,10:37:49,LUNR,BATS,Technology,H0811,Earnings,Bloomberg,Positive,0.137,0.58,CAH;DRVN
2025-07-07,10:26:37,SRPT,NASDAQ,Technology,H0812,M&A,CNBC,Positive,0.755,0.82,OTIS
2025-07-07,15:55:29,PRQR,NYSE ARCA,Telecom,H0813,Regulation,WSJ,Positive,0.696,0.76,TAL;DTE
2025-07-07,09:10:11,UNG,NYSE MKT,Real Estate,H0814,Product Launch,Bloomberg,Positive,0.838,0.71,DHR;LYFT;JAMF;PCAR
2025-07-07,14:54:04,BTI,NYSE ARCA,Technology,H0815,Leadership Change,WSJ,Positive,0.449,0.66,ZIM;CNX
2025-07-07,10:11:49,FSK,BATS,Healthcare,H0816,Macroeconomic,WSJ,Positive,0.855,0.84,BFLY;VTI
2025-07-07,09:10:01,AORT,NASDAQ,Telecom,H0817,M&A,Benzinga,Positive,0.177,0.85,RGNX
2025-07-07,13:40:33,TNYA,NASDAQ,Utilities,H0818,M&A,Social Media,Positive,0.583,0.94,IVW;NTR;PWR;NVT
2025-07-07,12:40:08,CLOV,NYSE MKT,Energy,H0819,Product Launch,Social Media,Neutral,0.527,0.99,EPRT;SES;WCC
2025-07-07,10:39:04,TSCO,NYSE MKT,Telecom,H0820,Macroeconomic,Reuters,Neutral,0.7,0.58,SNV
2025-07-07,10:46:00,SANA,BATS,Industrial,H0821,Regulation,Benzinga,Positive,0.788,0.65,FRO;ECH
2025-07-07,10:05:31,QXO,NYSE ARCA,Real Estate,H0822,Product Launch,CNBC,Neutral,0.923,0.86,SMFG;SHY
2025-07-07,10:32:54,DG,BATS,Finance,H0823,Product Launch,Benzinga,Neutral,0.382,0.9,RSI;ORC
2025-07-07,13:20:32,OLO,NYSE,Real Estate,H0824,Leadership Change,Benzinga,Positive,0.278,0.63,CNC;JBLU;SPYU;CDLX;SAIL
2025-07-07,09:28:16,IQ,NYSE,Energy,H0825,Leadership Change,Benzinga,Neutral,0.122,0.64,GBTC;HR;IRT;SHAK;BIRK
2025-07-07,15:00:25,VLTO,NYSE MKT,Industrial,H0826,Macroeconomic,CNBC,Negative,0.757,0.75,SAND;WBS;G;TEX;KMI
2025-07-07,14:41:01,LYG,LSE,Consumer Discretionary,H0827,Earnings,Social Media,Neutral,0.929,0.89,FTNT
2025-07-07,10:27:50,ROBN,NASDAQ,Consumer Discretionary,H0828,Rumor,Social Media,Positive,0.845,0.82,ARIS;CXW;PNC;DRIP;DIA
2025-07-07,10:11:20,DHR,LSE,Energy,H0829,Rumor,Social Media,Negative,0.272,0.56,
2025-07-07,15:21:40,CRNT,NYSE,Healthcare,H0830,Macroeconomic,WSJ,Neutral,0.522,0.67,EBR;MCK;LFST;TGNA
2025-07-07,15:51:13,PII,NYSE MKT,Telecom,H0831,M&A,WSJ,Negative,0.748,0.91,JNJ
2025-07-07,12:06:41,NXPI,BATS,Finance,H0832,M&A,Reuters,Negative,0.217,0.57,WYNN;SDGR;FBIN;LHX;MFG
2025-07-07,09:28:55,UGI,BATS,Industrial,H0833,M&A,Social Media,Negative,0.237,0.69,
2025-07-07,09:57:00,MDT,NASDAQ,Industrial,H0834,Leadership Change,CNBC,Positive,0.115,0.82,DFIC;MDU;WFRD
2025-07-07,16:56:28,PK,BATS,Utilities,H0835,Leadership Change,WSJ,Positive,0.854,0.57,SCHH;TDUP;SLQT;MBC
2025-07-07,11:32:29,TALO,NASDAQ,Real Estate,H0836,Product Launch,CNBC,Negative,0.26,0.68,CPRI;MUR;WEC
2025-07-07,15:47:24,TWO,NYSE MKT,Technology,H0837,Macroeconomic,WSJ,Positive,0.657,0.75,
2025-07-07,14:33:02,ETN,BATS,Industrial,H0838,Earnings,Reuters,Neutral,0.626,0.78,BLMN;CSGP;PSA
2025-07-07,15:48:21,NMR,NYSE MKT,Technology,H0839,Regulation,Social Media,Positive,0.916,0.8,TEAM;RCL;TGNA
2025-07-07,16:36:02,TEF,LSE,Real Estate,H0840,M&A,Benzinga,Negative,0.384,0.58,
2025-07-07,10:15:51,LBRT,NYSE ARCA,Technology,H0841,Macroeconomic,CNBC,Negative,0.952,0.81,CB;J;POST;ILMN
2025-07-07,15:14:48,LFST,BATS,Finance,H0842,Earnings,Bloomberg,Positive,0.741,0.98,DRS;CART
2025-07-07,11:43:59,UA,NASDAQ,Energy,H0843,Rumor,CNBC,Negative,0.866,0.76,IRDM
2025-07-07,14:21:59,MGA,NYSE ARCA,Finance,H0844,Macroeconomic,Social Media,Positive,0.277,0.99,CLM;SCHX;CATX;ARM
2025-07-07,16:36:37,RTO,NYSE MKT,Finance,H0845,Product Launch,Benzinga,Positive,0.667,0.78,MUFG;ATOM
2025-07-07,09:25:01,GSK,BATS,Technology,H0846,Macroeconomic,Social Media,Neutral,0.81,0.85,BB;CDRE;SHLS;JNK
2025-07-07,16:55:01,PCVX,NYSE ARCA,Real Estate,H0847,Product Launch,Bloomberg,Positive,0.784,0.69,MASI;XLG;ARQT;WWW;KAR
2025-07-07,13:41:25,LUMN,BATS,Finance,H0848,Product Launch,WSJ,Negative,0.201,0.98,
2025-07-07,09:24:31,BF-B,NASDAQ,Energy,H0849,Product Launch,WSJ,Positive,0.173,0.92,
2025-07-07,15:07:24,EWQ,NYSE MKT,Utilities,H0850,Macroeconomic,CNBC,Negative,0.103,0.59,SBS;CCL;FENY;BYD
2025-07-07,12:26:36,VMBS,NYSE,Healthcare,H0851,Product Launch,Social Media,Positive,0.148,0.72,CMC;MFC;CLNE;MTH
2025-07-07,15:46:06,BYD,LSE,Utilities,H0852,Regulation,Reuters,Neutral,0.746,0.92,PSNY;EWZ;FTAI;ZVSA
2025-07-07,09:01:07,ULCC,NYSE,Energy,H0853,Product Launch,Reuters,Negative,0.696,0.79,PHIO
2025-07-07,14:49:23,ETH,LSE,Technology,H0854,Leadership Change,WSJ,Negative,0.238,0.59,BIDU;PINS;VSTS;BORR;DDL
2025-07-07,14:35:27,VXX,LSE,Finance,H0855,Product Launch,Social Media,Neutral,0.178,0.91,SPRY;ULCC
2025-07-07,12:58:42,MASI,BATS,Technology,H0856,Leadership Change,Benzinga,Positive,0.923,0.84,VERV;HBI;COHR;UMAC;BFLY
2025-07-07,12:49:37,PPG,NYSE,Technology,H0857,Regulation,Bloomberg,Positive,0.826,0.81,
2025-07-07,12:14:19,VTIP,NYSE ARCA,Utilities,H0858,Product Launch,CNBC,Positive,0.793,0.83,REET
2025-07-07,09:44:48,SRPT,NASDAQ,Industrial,H0859,Macroeconomic,Social Media,Neutral,0.603,0.78,CHDN;CGC;DRI;TSLT;TSLL
2025-07-07,14:56:20,PGX,NYSE MKT,Energy,H0860,Macroeconomic,Benzinga,Positive,0.854,0.91,DUST;ARQT;MOAT;LABU
2025-07-07,15:17:37,WRD,LSE,Utilities,H0861,Earnings,Bloomberg,Positive,0.672,0.89,
2025-07-07,12:33:38,CMA,NYSE ARCA,Energy,H0862,Leadership Change,Social Media,Positive,0.367,0.56,LEGN;CURI
2025-07-07,16:37:33,BLND,LSE,Technology,H0863,M&A,WSJ,Negative,0.943,0.58,
2025-07-07,13:53:45,LINE,BATS,Technology,H0864,Rumor,CNBC,Neutral,0.797,0.85,
2025-07-07,10:41:33,CAH,NASDAQ,Industrial,H0865,Regulation,Reuters,Positive,0.301,0.63,TOVX;BXMT
2025-07-07,15:48:57,EMB,BATS,Real Estate,H0866,Earnings,Bloomberg,Positive,0.544,0.94,SIBN;WTRG;CDW;FIS;ECL
2025-07-07,13:58:25,ATEC,BATS,Utilities,H0867,Earnings,Reuters,Negative,0.455,0.63,CCEP;SYM
2025-07-07,12:15:16,RKLB,LSE,Real Estate,H0868,Rumor,WSJ,Positive,0.88,0.76,FTS;CE;CYCC;XPEV;SANA
2025-07-07,14:15:39,CHD,NYSE MKT,Real Estate,H0869,Regulation,Social Media,Negative,0.222,0.51,NXE;CLM;SPLG;LYB;NYT
2025-07-07,13:44:40,ZIM,NYSE,Healthcare,H0870,Product Launch,Reuters,Negative,0.628,0.73,EFX
2025-07-07,13:26:01,CPRX,NASDAQ,Consumer Discretionary,H0871,M&A,WSJ,Positive,0.973,0.59,
2025-07-07,16:59:01,NEE,LSE,Real Estate,H0872,Earnings,Reuters,Negative,0.689,0.95,
2025-07-07,11:00:32,BRCC,BATS,Consumer Discretionary,H0873,Product Launch,Social Media,Positive,0.39,0.57,
2025-07-07,11:00:32,KMB,BATS,Consumer Discretionary,H0873,Product Launch,Social Media,Positive,0.39,0.57,UHS;LC;UBER;PMT
2025-07-07,11:00:32,SUPN,BATS,Consumer Discretionary,H0873,Product Launch,Social Media,Positive,0.39,0.57,SPYD;GRAB;KRG
2025-07-07,13:22:48,OMCL,BATS,Telecom,H0874,M&A,Bloomberg,Negative,0.836,0.97,APA;GEHC;GFS;GOOGL
2025-07-07,15:41:21,DBI,NYSE MKT,Real Estate,H0875,Leadership Change,CNBC,Positive,0.283,0.83,GOOG;XRX
2025-07-07,09:19:50,LSPD,NASDAQ,Utilities,H0876,M&A,Social Media,Positive,0.925,0.51,CNQ;DAR;PHAT;UMC
2025-07-07,11:25:37,VALE,NYSE ARCA,Healthcare,H0877,Product Launch,Bloomberg,Negative,0.66,0.58,IDYA
2025-07-07,15:32:39,OXY,NYSE,Technology,H0878,Product Launch,Social Media,Negative,0.964,0.85,
2025-07-07,16:35:02,FLNC,NYSE MKT,Finance,H0879,Regulation,Social Media,Positive,0.804,0.5,PHG;LTH;NOTE;YUMC
2025-07-07,15:37:56,BLDP,NASDAQ,Finance,H0880,Rumor,Social Media,Neutral,0.864,0.97,UNIT;PTCT;BRCC;UCO
2025-07-07,13:32:01,GOOS,LSE,Energy,H0881,Regulation,WSJ,Negative,0.249,0.68,MULN;CIBR;PAVE
2025-07-07,12:06:41,URTY,NYSE ARCA,Energy,H0882,Macroeconomic,Benzinga,Neutral,0.382,0.88,AWK
2025-07-07,14:19:03,HRMY,NYSE MKT,Real Estate,H0883,Regulation,Benzinga,Positive,0.496,0.97,
2025-07-07,10:23:22,QGEN,LSE,Healthcare,H0884,Leadership Change,Bloomberg,Positive,0.955,0.63,
2025-07-07,09:32:20,EXC,NASDAQ,Industrial,H0885,Product Launch,CNBC,Negative,0.461,0.58,
2025-07-07,13:58:41,SNY,NYSE MKT,Technology,H0886,Earnings,Social Media,Negative,0.811,0.56,DOW
2025-07-07,14:10:04,PSLV,NYSE MKT,Consumer Discretionary,H0887,Leadership Change,Benzinga,Positive,0.801,0.58,KMB;FL;RZLT;ATOM;PUK
2025-07-07,10:43:55,BIDU,NYSE,Healthcare,H0888,M&A,WSJ,Negative,0.696,0.95,RLAY;MNST;HE;EWP;HIG
2025-07-07,10:31:20,CSX,LSE,Energy,H0889,Macroeconomic,Reuters,Negative,0.858,0.7,ECX
2025-07-07,14:00:56,EUFN,NASDAQ,Telecom,H0890,M&A,CNBC,Negative,0.709,0.8,LFST;QCOM;CZR;VICI;RTX
2025-07-07,13:12:23,CMS,NYSE MKT,Consumer Discretionary,H0891,Rumor,Benzinga,Positive,0.676,0.72,ZG
2025-07-07,15:31:00,CRMD,BATS,Healthcare,H0892,M&A,Bloomberg,Negative,0.813,0.51,CAT;NGD;TER;INTU
2025-07-07,11:12:43,ATOM,NYSE,Industrial,H0893,Regulation,Bloomberg,Negative,0.304,0.91,CVE
2025-07-07,15:57:20,QXO,BATS,Real Estate,H0894,M&A,Reuters,Negative,0.612,0.82,KIND;ICL;SLDB;PTPI;ASM
2025-07-07,11:11:45,PONY,LSE,Telecom,H0895,M&A,WSJ,Negative,0.385,0.78,EC;SPEM
2025-07-07,10:13:42,CDW,LSE,Healthcare,H0896,Earnings,WSJ,Positive,0.812,0.64,GFI
2025-07-07,12:45:41,DRIP,NYSE,Healthcare,H0897,Leadership Change,Bloomberg,Positive,0.917,0.92,RBRK;JXN;PSNL
2025-07-07,16:20:34,CME,NYSE,Healthcare,H0898,Earnings,Benzinga,Positive,0.91,0.71,BTI
